Period,Alphabet Inc Price,Amazon.com Inc Price,Facebook Inc Price,Microsoft Corp Price
2020-04-06 00:00:00,1167.15,1970.7,163.0,161.59
2020-04-03 00:00:00,1097.88,1906.59,154.18,153.83
2020-04-02 00:00:00,1120.84,1918.83,158.19,155.26
2020-04-01 00:00:00,1105.62,1907.7,159.6,152.11
2020-03-31 00:00:00,1162.81,1949.72,166.8,157.71
2020-03-30 00:00:00,1146.82,1963.95,165.95,160.23
2020-03-27 00:00:00,1110.71,1900.1,156.79,149.7
2020-03-26 00:00:00,1161.75,1955.49,163.34,156.11
2020-03-25 00:00:00,1102.49,1885.84,156.21,146.92
2020-03-24 00:00:00,1134.46,1940.1,160.98,148.34
2020-03-23 00:00:00,1056.62,1902.83,148.1,135.98
2020-03-20 00:00:00,1072.32,1846.09,149.73,137.35
2020-03-19 00:00:00,1115.29,1880.93,153.13,142.71
2020-03-18 00:00:00,1096.8,1830.0,146.96,140.4
2020-03-17 00:00:00,1119.8,1807.84,149.42,146.57
2020-03-16 00:00:00,1084.33,1689.15,146.01,135.42
2020-03-13 00:00:00,1219.73,1785.0,170.28,158.83
2020-03-12 00:00:00,1114.91,1676.61,154.47,139.06
2020-03-11 00:00:00,1215.41,1820.86,170.24,153.63
2020-03-10 00:00:00,1280.39,1891.82,178.19,160.92
2020-03-09 00:00:00,1215.56,1800.61,169.5,150.62
2020-03-06 00:00:00,1298.41,1901.09,181.09,161.57
2020-03-05 00:00:00,1319.04,1924.03,185.17,166.27
2020-03-04 00:00:00,1386.52,1975.83,191.76,170.55
2020-03-03 00:00:00,1389.11,1908.99,185.89,164.51
2020-03-02 00:00:00,1389.11,1953.95,196.44,172.79
2020-02-28 00:00:00,1339.33,1883.75,192.47,162.01
2020-02-27 00:00:00,1318.09,1884.3,189.75,158.18
2020-02-26 00:00:00,1393.18,1979.59,197.2,170.17
2020-02-25 00:00:00,1388.45,1972.74,196.77,168.07
2020-02-24 00:00:00,1421.59,2009.29,200.72,170.89
2020-02-21 00:00:00,1485.11,2095.97,210.18,178.59
2020-02-20 00:00:00,1518.15,2153.1,214.58,184.42
2020-02-19 00:00:00,1526.69,2170.22,217.49,187.28
2020-02-18 00:00:00,1519.67,2155.67,217.8,187.23
2020-02-14 00:00:00,1520.74,2134.87,214.18,185.35
2020-02-13 00:00:00,1514.66,2149.87,213.14,183.71
2020-02-12 00:00:00,1518.27,2160.0,210.76,184.71
2020-02-11 00:00:00,1508.79,2150.8,207.19,184.44
2020-02-10 00:00:00,1508.68,2133.91,213.06,188.7
2020-02-07 00:00:00,1479.23,2079.28,212.33,183.89
2020-02-06 00:00:00,1476.23,2050.23,210.85,183.63
2020-02-05 00:00:00,1448.23,2039.87,210.11,179.9
2020-02-04 00:00:00,1447.07,2049.67,209.83,180.12
2020-02-03 00:00:00,1485.94,2004.2,204.19,174.38
2020-01-31 00:00:00,1434.23,2008.72,201.91,170.23
2020-01-30 00:00:00,1455.84,1870.68,209.53,172.78
2020-01-29 00:00:00,1458.63,1858.0,223.23,168.04
2020-01-28 00:00:00,1452.56,1853.25,217.79,165.46
2020-01-27 00:00:00,1433.9,1828.34,214.87,162.28
2020-01-24 00:00:00,1466.71,1861.64,217.94,165.04
2020-01-23 00:00:00,1486.65,1884.58,219.76,166.72
2020-01-22 00:00:00,1485.95,1887.46,221.32,165.7
2020-01-21 00:00:00,1484.4,1892.0,221.44,166.5
2020-01-17 00:00:00,1480.39,1864.72,222.14,167.1
2020-01-16 00:00:00,1451.7,1877.94,221.77,166.17
2020-01-15 00:00:00,1439.2,1862.02,221.15,163.18
2020-01-14 00:00:00,1430.88,1869.44,219.06,162.13
2020-01-13 00:00:00,1439.23,1891.3,221.91,163.28
2020-01-10 00:00:00,1429.73,1883.16,218.06,161.34
2020-01-09 00:00:00,1419.83,1901.05,218.3,162.09
2020-01-08 00:00:00,1404.32,1891.97,215.22,160.09
2020-01-07 00:00:00,1393.34,1906.86,213.06,157.58
2020-01-06 00:00:00,1394.21,1902.88,212.6,159.03
2020-01-03 00:00:00,1360.66,1874.97,208.67,158.62
2020-01-02 00:00:00,1367.37,1898.01,209.78,160.62
2019-12-31 00:00:00,1337.02,1847.84,205.25,157.7
2019-12-30 00:00:00,1336.14,1846.89,204.41,157.59
2019-12-27 00:00:00,1351.89,1869.8,208.1,158.96
2019-12-26 00:00:00,1360.4,1868.77,207.79,158.67
2019-12-24 00:00:00,1343.56,1789.21,205.12,157.38
2019-12-23 00:00:00,1348.84,1793.0,206.18,157.41
2019-12-20 00:00:00,1349.59,1786.5,206.3,157.41
2019-12-19 00:00:00,1356.04,1792.28,206.06,155.71
2019-12-18 00:00:00,1352.62,1784.03,202.5,154.37
2019-12-17 00:00:00,1355.12,1790.66,198.39,154.69
2019-12-16 00:00:00,1361.17,1769.21,197.92,155.53
2019-12-13 00:00:00,1347.83,1760.94,194.11,154.53
2019-12-12 00:00:00,1350.27,1760.33,196.75,153.24
2019-12-11 00:00:00,1345.02,1748.72,202.26,151.7
2019-12-10 00:00:00,1344.66,1739.21,200.87,151.13
2019-12-09 00:00:00,1343.56,1749.51,201.34,151.75
2019-12-06 00:00:00,1340.62,1751.6,201.05,151.75
2019-12-05 00:00:00,1328.13,1740.48,199.36,149.93
2019-12-04 00:00:00,1320.54,1760.69,198.71,149.85
2019-12-03 00:00:00,1295.28,1769.96,198.82,149.31
2019-12-02 00:00:00,1289.92,1781.6,199.7,149.55
2019-11-29 00:00:00,1304.96,1800.8,201.64,151.38
2019-11-27 00:00:00,1312.99,1818.51,202.0,152.32
2019-11-26 00:00:00,1313.55,1796.94,198.97,152.03
2019-11-25 00:00:00,1306.69,1773.84,199.79,151.23
2019-11-22 00:00:00,1295.34,1745.72,198.82,149.59
2019-11-21 00:00:00,1301.35,1734.71,197.93,149.48
2019-11-20 00:00:00,1303.05,1745.53,197.51,149.62
2019-11-19 00:00:00,1315.46,1752.79,199.32,150.39
2019-11-18 00:00:00,1320.7,1752.53,197.4,150.34
2019-11-15 00:00:00,1334.87,1739.49,195.1,149.97
2019-11-14 00:00:00,1311.46,1754.6,193.15,148.06
2019-11-13 00:00:00,1298.0,1753.11,193.19,147.31
2019-11-12 00:00:00,1298.8,1778.0,194.47,147.07
2019-11-11 00:00:00,1299.19,1771.65,189.61,146.11
2019-11-08 00:00:00,1311.37,1785.88,190.84,145.96
2019-11-07 00:00:00,1308.86,1788.2,190.42,144.26
2019-11-06 00:00:00,1291.8,1795.77,191.55,144.06
2019-11-05 00:00:00,1292.03,1801.71,194.32,144.46
2019-11-04 00:00:00,1291.37,1804.66,194.72,144.55
2019-11-01 00:00:00,1273.74,1791.44,193.62,143.72
2019-10-31 00:00:00,1260.11,1776.66,191.65,143.37
2019-10-30 00:00:00,1261.29,1779.99,188.25,144.61
2019-10-29 00:00:00,1262.62,1762.71,189.31,142.83
2019-10-28 00:00:00,1290.0,1777.08,189.4,144.19
2019-10-25 00:00:00,1265.13,1761.33,187.89,140.73
2019-10-24 00:00:00,1260.99,1780.78,186.38,139.94
2019-10-23 00:00:00,1259.13,1762.17,186.15,137.24
2019-10-22 00:00:00,1242.8,1765.73,182.34,136.37
2019-10-21 00:00:00,1246.15,1785.66,189.76,138.43
2019-10-18 00:00:00,1245.49,1757.51,185.85,137.41
2019-10-17 00:00:00,1253.07,1787.48,190.39,139.69
2019-10-16 00:00:00,1243.64,1777.43,189.55,140.41
2019-10-15 00:00:00,1243.01,1767.38,188.89,141.575
2019-10-14 00:00:00,1217.14,1736.43,183.28,139.55
2019-10-11 00:00:00,1215.45,1731.92,184.19,139.68
2019-10-10 00:00:00,1208.67,1720.26,180.03,139.1
2019-10-09 00:00:00,1202.31,1721.99,179.85,138.24
2019-10-08 00:00:00,1189.13,1705.51,177.75,135.67
2019-10-07 00:00:00,1207.68,1732.66,179.68,137.12
2019-10-04 00:00:00,1209.0,1739.65,180.45,138.12
2019-10-03 00:00:00,1187.83,1724.42,179.38,136.28
2019-10-02 00:00:00,1176.63,1713.23,174.6,134.65
2019-10-01 00:00:00,1205.1,1735.65,175.81,137.07
2019-09-30 00:00:00,1219.0,1735.91,178.08,139.03
2019-09-27 00:00:00,1225.09,1725.45,177.1,137.73
2019-09-26 00:00:00,1241.39,1739.84,180.11,139.54
2019-09-25 00:00:00,1246.52,1768.33,182.8,139.36
2019-09-24 00:00:00,1218.76,1741.61,181.28,137.38
2019-09-23 00:00:00,1234.03,1785.3,186.82,139.14
2019-09-20 00:00:00,1229.93,1794.16,189.93,139.44
2019-09-19 00:00:00,1238.71,1821.5,190.14,141.07
2019-09-18 00:00:00,1232.41,1817.46,188.14,138.52
2019-09-17 00:00:00,1229.15,1822.55,188.08,137.39
2019-09-16 00:00:00,1231.3,1807.84,186.22,136.33
2019-09-13 00:00:00,1239.56,1839.34,187.19,137.32
2019-09-12 00:00:00,1234.25,1843.55,187.47,137.52
2019-09-11 00:00:00,1220.17,1822.99,188.49,136.12
2019-09-10 00:00:00,1206.0,1820.55,186.17,136.08
2019-09-09 00:00:00,1204.41,1831.35,188.76,137.52
2019-09-06 00:00:00,1204.93,1833.51,187.49,139.1
2019-09-05 00:00:00,1211.38,1840.72,190.9,140.05
2019-09-04 00:00:00,1181.41,1800.62,187.14,137.63
2019-09-03 00:00:00,1168.39,1789.84,182.39,136.04
2019-08-30 00:00:00,1188.1,1776.29,185.67,137.86
2019-08-29 00:00:00,1192.85,1786.4,185.57,138.12
2019-08-28 00:00:00,1171.02,1764.25,181.76,135.56
2019-08-27 00:00:00,1167.84,1761.83,181.3,135.74
2019-08-26 00:00:00,1168.89,1768.87,180.36,135.45
2019-08-23 00:00:00,1151.29,1749.62,177.75,133.39
2019-08-22 00:00:00,1189.53,1805.6,182.04,137.78
2019-08-21 00:00:00,1191.25,1823.54,183.55,138.79
2019-08-20 00:00:00,1182.69,1801.38,183.81,137.26
2019-08-19 00:00:00,1198.45,1816.12,186.17,138.41
2019-08-16 00:00:00,1177.6,1792.57,183.7,136.13
2019-08-15 00:00:00,1167.26,1776.12,182.59,133.68
2019-08-14 00:00:00,1164.29,1762.96,179.71,133.98
2019-08-13 00:00:00,1197.27,1824.34,188.45,138.6
2019-08-12 00:00:00,1174.71,1784.92,185.37,135.79
2019-08-09 00:00:00,1188.01,1807.58,187.85,137.71
2019-08-08 00:00:00,1204.8,1832.89,190.16,138.89
2019-08-07 00:00:00,1173.99,1793.4,185.15,135.28
2019-08-06 00:00:00,1169.95,1787.83,184.51,134.69
2019-08-05 00:00:00,1152.32,1765.13,181.73,132.21
2019-08-02 00:00:00,1193.99,1823.24,189.02,136.9
2019-08-01 00:00:00,1209.01,1855.32,192.73,138.06
2019-07-31 00:00:00,1216.68,1866.78,194.23,136.27
2019-07-30 00:00:00,1225.14,1898.53,197.04,140.35
2019-07-29 00:00:00,1239.41,1912.45,195.94,141.03
2019-07-26 00:00:00,1250.41,1943.05,199.75,141.34
2019-07-25 00:00:00,1132.12,1973.82,200.71,140.19
2019-07-24 00:00:00,1137.81,2000.81,204.66,140.72
2019-07-23 00:00:00,1146.21,1994.49,202.36,139.29
2019-07-22 00:00:00,1138.07,1985.63,202.32,138.43
2019-07-19 00:00:00,1130.1,1964.52,198.36,136.62
2019-07-18 00:00:00,1146.33,1977.9,200.78,136.42
2019-07-17 00:00:00,1146.35,1992.03,201.8,136.27
2019-07-16 00:00:00,1153.58,2009.9,203.84,137.08
2019-07-15 00:00:00,1150.34,2020.99,203.91,138.9
2019-07-12 00:00:00,1144.9,2011.0,204.87,138.9
2019-07-11 00:00:00,1144.21,2001.07,201.23,138.4
2019-07-10 00:00:00,1140.48,2017.41,202.73,137.85
2019-07-09 00:00:00,1124.83,1988.3,199.21,136.46
2019-07-08 00:00:00,1116.35,1952.32,195.76,136.96
2019-07-05 00:00:00,1131.59,1942.91,196.4,137.06
2019-07-03 00:00:00,1121.58,1939.0,197.2,137.46
2019-07-02 00:00:00,1111.25,1934.31,195.0,136.58
2019-07-01 00:00:00,1097.95,1922.19,193.0,135.68
2019-06-28 00:00:00,1080.91,1893.63,193.0,133.96
2019-06-27 00:00:00,1076.01,1904.28,189.5,134.15
2019-06-26 00:00:00,1079.8,1897.83,187.66,133.93
2019-06-25 00:00:00,1086.35,1878.27,188.84,133.43
2019-06-24 00:00:00,1115.52,1913.9,192.6,137.78
2019-06-21 00:00:00,1121.88,1911.3,191.14,136.97
2019-06-20 00:00:00,1111.42,1918.19,189.53,136.95
2019-06-19 00:00:00,1102.33,1908.79,187.48,135.69
2019-06-18 00:00:00,1103.6,1901.37,188.47,135.16
2019-06-17 00:00:00,1092.5,1886.03,189.01,132.85
2019-06-14 00:00:00,1085.35,1869.67,181.33,132.45
2019-06-13 00:00:00,1088.77,1870.3,177.47,132.32
2019-06-12 00:00:00,1077.03,1855.32,175.04,131.49
2019-06-11 00:00:00,1078.72,1863.7,178.1,132.1
2019-06-10 00:00:00,1080.38,1860.63,174.82,132.6
2019-06-07 00:00:00,1066.04,1804.03,173.35,131.4
2019-06-06 00:00:00,1044.34,1754.36,168.33,127.82
2019-06-05 00:00:00,1042.22,1738.5,168.17,125.83
2019-06-04 00:00:00,1053.05,1729.56,167.5,123.16
2019-06-03 00:00:00,1036.23,1692.69,164.15,119.84
2019-05-31 00:00:00,1103.63,1775.07,177.47,123.68
2019-05-30 00:00:00,1117.95,1816.32,183.01,125.73
2019-05-29 00:00:00,1116.46,1819.19,182.19,124.94
2019-05-28 00:00:00,1134.15,1836.43,184.31,126.16
2019-05-24 00:00:00,1133.47,1823.28,181.06,126.24
2019-05-23 00:00:00,1140.77,1815.48,180.87,126.18
2019-05-22 00:00:00,1151.42,1859.68,185.32,127.67
2019-05-21 00:00:00,1149.63,1857.52,184.82,126.9
2019-05-20 00:00:00,1138.85,1858.97,182.72,126.22
2019-05-17 00:00:00,1162.3,1869.0,185.3,128.07
2019-05-16 00:00:00,1178.98,1907.57,186.99,128.93
2019-05-15 00:00:00,1164.21,1871.15,186.27,126.02
2019-05-14 00:00:00,1120.44,1840.12,180.73,124.73
2019-05-13 00:00:00,1132.03,1822.68,181.54,123.35
2019-05-10 00:00:00,1164.27,1889.98,188.34,127.13
2019-05-09 00:00:00,1162.38,1899.87,188.65,125.5
2019-05-08 00:00:00,1166.27,1917.77,189.54,125.51
2019-05-07 00:00:00,1174.1,1921.0,189.77,125.52
2019-05-06 00:00:00,1189.39,1950.55,193.88,128.15
2019-05-03 00:00:00,1185.4,1962.46,195.47,128.9
2019-05-02 00:00:00,1162.61,1900.82,192.53,126.21
2019-05-01 00:00:00,1168.08,1911.52,193.03,127.88
2019-04-30 00:00:00,1188.48,1926.52,193.4,130.6
2019-04-29 00:00:00,1287.58,1938.43,194.78,129.77
2019-04-26 00:00:00,1272.18,1950.63,191.49,129.89
2019-04-25 00:00:00,1263.45,1902.25,193.26,129.15
2019-04-24 00:00:00,1256.0,1901.75,182.58,125.01
2019-04-23 00:00:00,1264.55,1923.77,183.78,125.44
2019-04-22 00:00:00,1248.84,1887.31,181.44,123.76
2019-04-18 00:00:00,1236.37,1861.69,178.28,123.37
2019-04-17 00:00:00,1236.34,1864.82,178.78,121.77
2019-04-16 00:00:00,1227.13,1863.04,178.87,120.77
2019-04-15 00:00:00,1221.1,1844.87,179.65,121.05
2019-04-12 00:00:00,1217.87,1843.06,179.1,120.95
2019-04-11 00:00:00,1204.62,1844.07,177.51,120.33
2019-04-10 00:00:00,1202.16,1847.33,177.82,120.19
2019-04-09 00:00:00,1197.25,1835.84,177.58,119.28
2019-04-08 00:00:00,1203.84,1849.86,174.93,119.93
2019-04-05 00:00:00,1207.15,1837.28,175.72,119.89
2019-04-04 00:00:00,1215.0,1818.86,176.02,119.36
2019-04-03 00:00:00,1205.92,1820.7,173.54,119.97
2019-04-02 00:00:00,1200.49,1813.98,174.2,119.19
2019-04-01 00:00:00,1194.43,1814.19,168.7,119.02
2019-03-29 00:00:00,1173.31,1780.75,166.69,117.94
2019-03-28 00:00:00,1168.49,1773.42,165.55,116.93
2019-03-27 00:00:00,1173.02,1765.7,165.87,116.77
2019-03-26 00:00:00,1184.62,1783.76,167.68,117.91
2019-03-25 00:00:00,1193.0,1774.26,166.29,117.66
2019-03-22 00:00:00,1205.5,1764.77,164.34,117.05
2019-03-21 00:00:00,1231.54,1819.26,166.08,120.22
2019-03-20 00:00:00,1223.97,1797.27,165.44,117.52
2019-03-19 00:00:00,1198.85,1761.85,161.57,117.65
2019-03-18 00:00:00,1184.26,1742.15,160.47,117.57
2019-03-15 00:00:00,1184.46,1712.36,165.98,115.91
2019-03-14 00:00:00,1185.55,1686.22,170.17,114.59
2019-03-13 00:00:00,1193.32,1690.81,173.37,114.5
2019-03-12 00:00:00,1193.2,1673.1,171.92,113.62
2019-03-11 00:00:00,1175.76,1670.62,172.07,112.83
2019-03-08 00:00:00,1142.32,1620.8,169.6,110.51
2019-03-07 00:00:00,1143.3,1625.95,169.13,110.39
2019-03-06 00:00:00,1157.86,1668.95,172.51,111.75
2019-03-05 00:00:00,1162.03,1692.43,171.26,111.7
2019-03-04 00:00:00,1147.8,1696.17,167.37,112.26
2019-03-01 00:00:00,1140.99,1671.73,162.28,112.53
2019-02-28 00:00:00,1119.92,1639.83,161.45,112.03
2019-02-27 00:00:00,1116.05,1641.09,162.81,112.17
2019-02-26 00:00:00,1115.13,1636.4,164.13,112.36
2019-02-25 00:00:00,1109.4,1633.0,164.62,111.59
2019-02-22 00:00:00,1110.37,1631.56,161.89,110.97
2019-02-21 00:00:00,1096.97,1619.44,160.04,109.41
2019-02-20 00:00:00,1113.8,1622.1,162.56,107.15
2019-02-19 00:00:00,1118.56,1627.58,162.29,108.17
2019-02-15 00:00:00,1113.65,1607.95,162.5,108.22
2019-02-14 00:00:00,1121.67,1622.65,163.95,106.9
2019-02-13 00:00:00,1120.16,1640.0,164.07,106.81
2019-02-12 00:00:00,1121.37,1638.01,165.04,106.89
2019-02-11 00:00:00,1095.01,1591.0,165.79,105.25
2019-02-08 00:00:00,1095.06,1588.22,167.33,105.67
2019-02-07 00:00:00,1098.71,1614.37,166.38,105.27
2019-02-06 00:00:00,1115.23,1640.26,170.49,106.03
2019-02-05 00:00:00,1145.99,1658.81,171.16,107.22
2019-02-04 00:00:00,1132.8,1633.31,169.25,105.74
2019-02-01 00:00:00,1110.75,1626.23,165.71,102.78
2019-01-31 00:00:00,1116.37,1718.73,166.69,104.43
2019-01-30 00:00:00,1089.06,1670.43,150.42,106.38
2019-01-29 00:00:00,1060.62,1593.88,144.19,102.94
2019-01-28 00:00:00,1070.08,1637.89,147.47,105.08
2019-01-25 00:00:00,1090.99,1670.57,149.01,107.17
2019-01-24 00:00:00,1073.9,1654.93,145.83,106.2
2019-01-23 00:00:00,1075.57,1640.02,144.3,106.71
2019-01-22 00:00:00,1070.52,1632.17,147.57,105.68
2019-01-18 00:00:00,1098.26,1696.2,150.04,107.71
2019-01-17 00:00:00,1089.9,1693.22,148.3,106.12
2019-01-16 00:00:00,1080.97,1683.78,147.54,105.38
2019-01-15 00:00:00,1077.15,1674.56,148.95,105.01
2019-01-14 00:00:00,1044.69,1617.21,145.39,102.05
2019-01-11 00:00:00,1057.19,1640.56,143.8,102.8
2019-01-10 00:00:00,1070.33,1656.22,144.2,103.6
2019-01-09 00:00:00,1074.66,1659.42,144.23,104.27
2019-01-08 00:00:00,1076.28,1656.58,142.53,102.8
2019-01-07 00:00:00,1068.39,1629.51,138.05,102.06
2019-01-04 00:00:00,1070.71,1575.39,137.95,101.93
2019-01-03 00:00:00,1016.06,1500.28,131.74,97.4
2019-01-02 00:00:00,1045.85,1539.13,135.68,101.12
2018-12-31 00:00:00,1035.61,1501.97,131.09,101.57
2018-12-28 00:00:00,1037.08,1478.02,133.2,100.39
2018-12-27 00:00:00,1043.88,1461.64,134.52,101.18
2018-12-26 00:00:00,1039.46,1470.9,134.18,100.56
2018-12-24 00:00:00,976.22,1343.96,124.06,94.13
2018-12-21 00:00:00,979.54,1377.45,124.95,98.23
2018-12-20 00:00:00,1009.41,1460.83,133.4,101.51
2018-12-19 00:00:00,1023.01,1495.08,133.24,103.69
2018-12-18 00:00:00,1028.71,1551.48,143.66,103.97
2018-12-17 00:00:00,1016.53,1520.91,140.19,102.89
2018-12-14 00:00:00,1042.1,1591.91,144.06,106.03
2018-12-13 00:00:00,1061.9,1658.38,145.01,109.45
2018-12-12 00:00:00,1063.68,1663.54,144.5,109.08
2018-12-11 00:00:00,1051.75,1643.24,142.08,108.59
2018-12-10 00:00:00,1039.55,1641.03,141.85,107.59
2018-12-07 00:00:00,1036.58,1629.13,137.42,104.82
2018-12-06 00:00:00,1068.73,1699.19,139.63,109.19
2018-12-04 00:00:00,1050.82,1668.4,137.93,108.52
2018-12-03 00:00:00,1106.43,1772.36,141.09,112.09
2018-11-30 00:00:00,1094.43,1690.17,140.61,110.89
2018-11-29 00:00:00,1088.3,1673.57,138.68,110.19
2018-11-28 00:00:00,1086.23,1677.75,136.76,111.12
2018-11-27 00:00:00,1044.41,1581.42,135.0,107.14
2018-11-26 00:00:00,1048.62,1581.33,136.38,106.47
2018-11-23 00:00:00,1023.88,1502.06,131.73,103.07
2018-11-21 00:00:00,1037.61,1516.73,134.82,103.11
2018-11-20 00:00:00,1025.76,1495.46,132.43,101.71
2018-11-19 00:00:00,1020.0,1512.29,131.55,104.62
2018-11-16 00:00:00,1061.49,1593.41,139.53,108.29
2018-11-15 00:00:00,1064.71,1619.44,143.85,107.28
2018-11-14 00:00:00,1043.66,1599.01,144.22,104.97
2018-11-13 00:00:00,1036.05,1631.17,142.16,106.94
2018-11-12 00:00:00,1038.63,1636.85,141.55,106.87
2018-11-09 00:00:00,1066.15,1712.43,144.96,109.57
2018-11-08 00:00:00,1082.4,1754.91,147.87,111.75
2018-11-07 00:00:00,1093.39,1755.49,151.53,111.96
2018-11-06 00:00:00,1055.81,1642.81,149.94,107.72
2018-11-05 00:00:00,1040.09,1627.8,148.68,107.51
2018-11-02 00:00:00,1057.79,1665.53,150.35,106.16
2018-11-01 00:00:00,1070.0,1665.53,151.75,105.92
2018-10-31 00:00:00,1076.77,1598.01,151.79,106.81
2018-10-30 00:00:00,1036.21,1530.42,146.22,103.73
2018-10-29 00:00:00,1020.08,1538.88,142.09,103.85
2018-10-26 00:00:00,1071.47,1642.81,145.37,106.96
2018-10-25 00:00:00,1095.57,1782.17,150.95,108.3
2018-10-24 00:00:00,1050.71,1664.2,146.04,102.32
2018-10-23 00:00:00,1103.69,1768.7,154.39,108.1
2018-10-22 00:00:00,1101.16,1789.3,154.78,109.63
2018-10-19 00:00:00,1096.46,1764.03,154.05,108.66
2018-10-18 00:00:00,1087.97,1770.72,154.92,108.5
2018-10-17 00:00:00,1115.69,1831.73,159.42,110.71
2018-10-16 00:00:00,1121.28,1819.96,158.78,111.0
2018-10-15 00:00:00,1092.25,1760.95,153.52,107.6
2018-10-12 00:00:00,1110.08,1788.61,153.74,109.57
2018-10-11 00:00:00,1079.32,1719.36,153.35,105.91
2018-10-10 00:00:00,1081.22,1755.25,151.38,106.16
2018-10-09 00:00:00,1138.82,1870.32,157.9,112.26
2018-10-08 00:00:00,1148.97,1864.42,157.25,110.85
2018-10-05 00:00:00,1157.35,1889.65,157.33,112.13
2018-10-04 00:00:00,1168.19,1909.42,158.85,112.79
2018-10-03 00:00:00,1202.95,1952.76,162.43,115.17
2018-10-02 00:00:00,1200.11,1971.31,159.33,115.15
2018-10-01 00:00:00,1195.31,2004.36,162.44,115.61
2018-09-28 00:00:00,1193.47,2003.0,164.46,114.37
2018-09-27 00:00:00,1194.64,2012.98,168.84,114.41
2018-09-26 00:00:00,1180.49,1974.85,166.95,113.98
2018-09-25 00:00:00,1184.65,1974.55,164.91,114.45
2018-09-24 00:00:00,1173.37,1934.36,165.41,114.67
2018-09-21 00:00:00,1166.09,1915.01,162.93,114.26
2018-09-20 00:00:00,1186.87,1944.3,166.02,113.57
2018-09-19 00:00:00,1171.09,1926.42,163.06,111.7
2018-09-18 00:00:00,1161.22,1941.05,160.3,113.21
2018-09-17 00:00:00,1156.05,1908.03,160.58,112.14
2018-09-14 00:00:00,1172.53,1970.19,162.32,113.37
2018-09-13 00:00:00,1175.33,1989.87,161.36,112.91
2018-09-12 00:00:00,1162.82,1990.0,162.0,111.71
2018-09-11 00:00:00,1177.36,1987.15,165.94,111.24
2018-09-10 00:00:00,1164.64,1939.01,164.18,109.38
2018-09-07 00:00:00,1164.83,1952.07,163.04,108.21
2018-09-06 00:00:00,1171.44,1958.31,162.53,108.74
2018-09-05 00:00:00,1186.48,1994.82,167.18,108.49
2018-09-04 00:00:00,1197.0,2039.51,171.16,111.71
2018-08-31 00:00:00,1218.19,2012.71,175.73,112.33
2018-08-30 00:00:00,1239.12,2002.38,177.64,111.95
2018-08-29 00:00:00,1249.3,1998.1,175.9,112.02
2018-08-28 00:00:00,1231.15,1932.82,176.26,110.26
2018-08-27 00:00:00,1241.82,1927.68,177.46,109.6
2018-08-24 00:00:00,1220.65,1905.39,174.645,108.4
2018-08-23 00:00:00,1205.38,1902.9,172.9,107.56
2018-08-22 00:00:00,1207.33,1904.9,173.64,107.06
2018-08-21 00:00:00,1201.62,1883.42,172.62,105.98
2018-08-20 00:00:00,1207.77,1876.71,172.5,106.87
2018-08-17 00:00:00,1200.96,1882.22,173.8,107.58
2018-08-16 00:00:00,1206.49,1886.52,174.7,107.64
2018-08-15 00:00:00,1214.38,1882.62,179.53,107.66
2018-08-14 00:00:00,1242.1,1919.65,181.11,109.56
2018-08-13 00:00:00,1235.01,1896.2,180.05,108.21
2018-08-10 00:00:00,1237.61,1886.3,180.26,109.0
2018-08-09 00:00:00,1249.1,1898.52,183.09,109.67
2018-08-08 00:00:00,1245.61,1886.52,185.18,109.49
2018-08-07 00:00:00,1242.22,1862.48,183.81,108.88
2018-08-06 00:00:00,1224.77,1847.75,185.69,108.13
2018-08-03 00:00:00,1223.71,1823.29,177.78,108.04
2018-08-02 00:00:00,1226.15,1834.33,176.37,107.57
2018-08-01 00:00:00,1220.01,1797.17,171.65,106.28
2018-07-31 00:00:00,1217.26,1777.44,172.58,106.08
2018-07-30 00:00:00,1219.74,1779.22,171.06,105.37
2018-07-27 00:00:00,1238.5,1817.27,174.89,107.68
2018-07-26 00:00:00,1268.33,1808.0,176.26,109.62
2018-07-25 00:00:00,1263.7,1863.61,217.5,110.83
2018-07-24 00:00:00,1248.08,1829.24,214.67,107.66
2018-07-23 00:00:00,1205.5,1802.0,210.91,107.97
2018-07-20 00:00:00,1184.91,1813.7,209.94,106.27
2018-07-19 00:00:00,1186.96,1812.97,208.09,104.4
2018-07-18 00:00:00,1195.88,1842.92,209.36,105.12
2018-07-17 00:00:00,1198.8,1843.93,209.99,105.95
2018-07-16 00:00:00,1183.86,1822.49,207.23,104.91
2018-07-13 00:00:00,1188.82,1813.03,207.32,105.43
2018-07-12 00:00:00,1183.48,1796.62,206.92,104.19
2018-07-11 00:00:00,1153.9,1755.0,202.54,101.98
2018-07-10 00:00:00,1152.84,1743.07,203.54,102.12
2018-07-09 00:00:00,1154.05,1739.02,204.74,101.85
2018-07-06 00:00:00,1140.17,1710.63,203.23,101.16
2018-07-05 00:00:00,1124.27,1699.73,198.45,99.76
2018-07-03 00:00:00,1102.89,1693.96,192.73,99.05
2018-07-02 00:00:00,1127.46,1713.78,197.36,100.01
2018-06-29 00:00:00,1115.65,1699.8,194.32,98.61
2018-06-28 00:00:00,1114.22,1701.45,196.23,98.63
2018-06-27 00:00:00,1103.98,1660.51,195.84,97.54
2018-06-26 00:00:00,1118.46,1691.09,199.0,99.08
2018-06-25 00:00:00,1124.81,1663.15,196.35,98.39
2018-06-22 00:00:00,1155.48,1715.67,201.74,100.41
2018-06-21 00:00:00,1157.66,1730.22,201.5,101.14
2018-06-20 00:00:00,1169.84,1750.08,202.0,101.87
2018-06-19 00:00:00,1168.06,1734.78,197.49,100.86
2018-06-18 00:00:00,1173.46,1723.79,198.31,100.86
2018-06-15 00:00:00,1152.26,1715.97,195.85,100.13
2018-06-14 00:00:00,1152.12,1723.86,196.81,101.42
2018-06-13 00:00:00,1134.79,1704.86,192.41,100.85
2018-06-12 00:00:00,1139.32,1698.75,192.4,101.31
2018-06-11 00:00:00,1129.99,1689.12,191.54,101.05
2018-06-08 00:00:00,1120.87,1683.99,189.1,101.63
2018-06-07 00:00:00,1123.86,1689.3,188.18,100.88
2018-06-06 00:00:00,1136.88,1695.75,191.34,102.49
2018-06-05 00:00:00,1139.66,1696.35,192.94,102.19
2018-06-04 00:00:00,1139.29,1665.27,193.28,101.67
2018-06-02 00:00:00,,,193.99,
2018-06-01 00:00:00,1119.5,1641.54,193.99,100.79
2018-05-31 00:00:00,1084.99,1629.62,191.78,98.84
2018-05-30 00:00:00,1067.8,1624.89,187.67,98.95
2018-05-29 00:00:00,1060.32,1612.87,185.74,98.01
2018-05-25 00:00:00,1075.66,1610.15,184.92,98.36
2018-05-24 00:00:00,1079.24,1603.07,185.93,98.31
2018-05-23 00:00:00,1079.69,1601.86,186.9,98.66
2018-05-22 00:00:00,1069.73,1581.4,183.8,97.5
2018-05-21 00:00:00,1079.58,1585.46,184.49,97.6
2018-05-18 00:00:00,1066.36,1574.37,182.68,96.36
2018-05-17 00:00:00,1078.59,1581.76,183.76,96.18
2018-05-16 00:00:00,1081.77,1587.28,183.2,97.15
2018-05-15 00:00:00,1079.23,1576.12,184.32,97.32
2018-05-14 00:00:00,1100.2,1601.54,186.64,98.03
2018-05-11 00:00:00,1098.26,1602.91,186.99,97.7
2018-05-10 00:00:00,1097.57,1609.08,185.53,97.91
2018-05-09 00:00:00,1082.76,1608.0,182.66,96.94
2018-05-08 00:00:00,1053.91,1592.39,178.92,95.81
2018-05-07 00:00:00,1054.79,1600.14,177.97,96.22
2018-05-04 00:00:00,1048.21,1580.95,176.61,95.16
2018-05-03 00:00:00,1023.72,1572.075,174.02,94.07
2018-05-02 00:00:00,1024.38,1569.68,176.07,93.51
2018-05-01 00:00:00,1037.31,1582.26,173.86,95.0
2018-04-30 00:00:00,1017.33,1566.13,172.0,93.52
2018-04-27 00:00:00,1030.05,1572.62,173.59,95.82
2018-04-26 00:00:00,1040.04,1517.96,174.16,94.26
2018-04-25 00:00:00,1021.18,1460.17,159.69,92.31
2018-04-24 00:00:00,1019.98,1460.09,159.69,93.12
2018-04-23 00:00:00,1067.45,1517.86,165.84,95.35
2018-04-20 00:00:00,1072.96,1527.49,166.28,95.0
2018-04-19 00:00:00,1087.7,1556.91,168.1,96.11
2018-04-18 00:00:00,1072.08,1503.83,166.36,96.44
2018-04-17 00:00:00,1074.16,1503.83,168.66,96.07
2018-04-16 00:00:00,1037.98,1441.5,164.83,94.17
2018-04-13 00:00:00,1029.27,1430.79,164.52,93.08
2018-04-12 00:00:00,1032.51,1448.5,163.87,93.58
2018-04-11 00:00:00,1019.97,1427.05,166.32,91.86
2018-04-10 00:00:00,1031.64,1436.22,165.04,92.88
2018-04-09 00:00:00,1015.45,1406.08,157.93,90.77
2018-04-06 00:00:00,1007.04,1405.23,157.2,90.23
2018-04-05 00:00:00,1027.81,1451.75,159.34,92.38
2018-04-04 00:00:00,1025.14,1410.57,155.1,92.33
2018-04-03 00:00:00,1013.41,1392.05,156.11,89.71
2018-04-02 00:00:00,1006.47,1371.99,155.39,88.52
2018-03-29 00:00:00,1031.79,1447.34,159.79,91.27
2018-03-28 00:00:00,1004.56,1431.42,153.03,89.39
2018-03-27 00:00:00,1005.1,1497.05,152.22,89.47
2018-03-26 00:00:00,1053.21,1555.86,160.06,93.78
2018-03-23 00:00:00,1021.57,1495.56,159.39,87.18
2018-03-22 00:00:00,1049.08,1544.92,164.89,89.79
2018-03-21 00:00:00,1090.88,1581.86,169.39,92.48
2018-03-20 00:00:00,1097.71,1586.51,168.15,93.13
2018-03-19 00:00:00,1099.82,1544.93,172.56,92.89
2018-03-16 00:00:00,1135.73,1571.68,185.09,94.6
2018-03-15 00:00:00,1149.58,1582.32,183.86,94.18
2018-03-14 00:00:00,1149.49,1591.0,184.19,93.85
2018-03-13 00:00:00,1138.17,1588.18,181.88,94.41
2018-03-12 00:00:00,1164.5,1598.39,184.76,96.77
2018-03-09 00:00:00,1160.04,1578.89,185.23,96.54
2018-03-08 00:00:00,1126.0,1551.86,182.34,94.43
2018-03-07 00:00:00,1109.64,1545.0,183.71,93.86
2018-03-06 00:00:00,1095.06,1537.64,179.78,93.32
2018-03-05 00:00:00,1090.93,1523.61,180.4,93.64
2018-03-02 00:00:00,1078.92,1500.25,176.62,93.05
2018-03-01 00:00:00,1069.52,1493.45,175.94,92.85
2018-02-28 00:00:00,1104.73,1512.45,178.32,93.77
2018-02-27 00:00:00,1118.29,1511.98,181.46,94.2
2018-02-26 00:00:00,1143.75,1521.95,184.93,95.42
2018-02-23 00:00:00,1126.79,1500.0,183.29,94.06
2018-02-22 00:00:00,1106.63,1485.34,178.99,91.73
2018-02-21 00:00:00,1111.34,1482.92,177.91,91.49
2018-02-20 00:00:00,1102.46,1468.35,176.01,92.72
2018-02-16 00:00:00,1094.8,1448.69,177.36,92.0
2018-02-15 00:00:00,1089.52,1461.76,179.96,92.66
2018-02-14 00:00:00,1069.7,1451.05,179.52,90.81
2018-02-13 00:00:00,1052.1,1414.51,173.15,89.83
2018-02-12 00:00:00,1051.94,1386.23,176.41,89.13
2018-02-09 00:00:00,1037.78,1339.6,176.11,88.18
2018-02-08 00:00:00,1001.52,1350.5,171.58,85.01
2018-02-07 00:00:00,1048.58,1416.78,180.18,89.61
2018-02-06 00:00:00,1080.6,1442.84,185.31,91.33
2018-02-05 00:00:00,1055.8,1390.0,181.26,88.0
2018-02-02 00:00:00,1111.9,1429.95,190.28,91.78
2018-02-01 00:00:00,1167.7,1390.0,193.09,94.26
2018-01-31 00:00:00,1169.94,1450.89,186.89,95.01
2018-01-30 00:00:00,1163.69,1437.82,187.12,92.74
2018-01-29 00:00:00,1175.58,1417.68,185.98,93.92
2018-01-26 00:00:00,1175.84,1402.05,190.0,94.06
2018-01-25 00:00:00,1170.37,1377.95,187.48,92.33
2018-01-24 00:00:00,1164.24,1357.51,186.55,91.82
2018-01-23 00:00:00,1169.97,1362.54,189.35,91.9
2018-01-22 00:00:00,1155.81,1327.31,185.37,91.61
2018-01-19 00:00:00,1137.51,1294.58,181.29,90.0
2018-01-18 00:00:00,1129.79,1293.32,179.8,90.1
2018-01-17 00:00:00,1131.98,1295.0,177.6,90.14
2018-01-16 00:00:00,1121.76,1304.86,178.39,88.35
2018-01-12 00:00:00,1122.26,1305.2,179.37,89.6
2018-01-11 00:00:00,1105.52,1276.68,187.77,88.08
2018-01-10 00:00:00,1102.61,1254.33,187.84,87.82
2018-01-09 00:00:00,1106.26,1252.7,187.87,88.22
2018-01-08 00:00:00,1106.94,1246.87,188.28,88.28
2018-01-05 00:00:00,1102.23,1229.14,186.85,88.19
2018-01-04 00:00:00,1086.4,1209.59,184.33,87.11
2018-01-03 00:00:00,1082.48,1204.2,184.67,86.35
2018-01-02 00:00:00,1065.0,1189.01,181.42,85.95
2017-12-29 00:00:00,1046.4,1169.47,176.46,85.54
2017-12-28 00:00:00,1048.14,1186.1,177.92,85.72
2017-12-27 00:00:00,1049.37,1182.26,177.62,85.71
2017-12-26 00:00:00,1056.74,1176.76,175.99,85.4
2017-12-22 00:00:00,1060.12,1168.36,177.2,85.51
2017-12-21 00:00:00,1063.63,1174.76,177.45,85.5
2017-12-20 00:00:00,1064.95,1177.62,177.89,85.52
2017-12-19 00:00:00,1070.68,1187.38,179.51,85.83
2017-12-18 00:00:00,1077.14,1190.58,180.82,86.38
2017-12-15 00:00:00,1064.19,1179.14,180.18,86.85
2017-12-14 00:00:00,1049.15,1174.26,178.39,84.69
2017-12-13 00:00:00,1040.61,1164.13,178.3,85.35
2017-12-12 00:00:00,1040.48,1165.08,176.96,85.58
2017-12-11 00:00:00,1041.1,1168.92,179.04,85.23
2017-12-08 00:00:00,1037.05,1162.0,179.0,84.16
2017-12-07 00:00:00,1030.93,1159.79,180.14,82.49
2017-12-06 00:00:00,1018.38,1152.35,176.06,82.78
2017-12-05 00:00:00,1005.15,1141.57,172.83,81.59
2017-12-04 00:00:00,998.68,1133.95,171.47,81.08
2017-12-01 00:00:00,1010.17,1162.35,175.1,84.26
2017-11-30 00:00:00,1021.41,1176.75,177.18,84.17
2017-11-29 00:00:00,1021.66,1161.27,175.13,83.34
2017-11-28 00:00:00,1047.41,1193.6,182.42,84.88
2017-11-27 00:00:00,1054.21,1195.83,183.03,83.87
2017-11-24 00:00:00,1040.61,1186.0,182.78,83.26
2017-11-22 00:00:00,1035.96,1156.16,180.87,83.11
2017-11-21 00:00:00,1034.49,1139.49,181.86,83.72
2017-11-20 00:00:00,1018.38,1126.31,178.74,82.53
2017-11-17 00:00:00,1019.09,1129.88,179.0,82.4
2017-11-16 00:00:00,1032.5,1137.29,179.59,83.2
2017-11-15 00:00:00,1020.91,1126.69,177.95,82.98
2017-11-14 00:00:00,1026.0,1136.84,178.07,84.05
2017-11-13 00:00:00,1025.75,1129.17,178.77,83.93
2017-11-10 00:00:00,1028.07,1125.35,178.46,83.87
2017-11-09 00:00:00,1031.26,1129.13,179.3,84.09
2017-11-08 00:00:00,1039.85,1132.88,179.56,84.56
2017-11-07 00:00:00,1033.33,1123.17,180.25,84.27
2017-11-06 00:00:00,1025.9,1120.66,180.17,84.47
2017-11-03 00:00:00,1032.48,1111.6,178.92,84.14
2017-11-02 00:00:00,1025.58,1094.22,178.92,84.05
2017-11-01 00:00:00,1025.5,1103.68,182.66,83.18
2017-10-31 00:00:00,1016.64,1105.28,180.06,83.18
2017-10-30 00:00:00,1017.11,1110.85,179.87,83.89
2017-10-27 00:00:00,1019.27,1100.95,177.88,83.81
2017-10-26 00:00:00,972.56,972.43,170.63,78.76
2017-10-25 00:00:00,973.33,972.91,170.6,78.63
2017-10-24 00:00:00,970.54,975.9,171.8,78.86
2017-10-23 00:00:00,968.45,966.3,171.27,78.83
2017-10-20 00:00:00,988.2,982.91,174.98,78.81
2017-10-19 00:00:00,984.45,986.61,174.56,77.91
2017-10-18 00:00:00,992.81,997.0,176.03,77.61
2017-10-17 00:00:00,992.18,1009.13,176.11,77.59
2017-10-16 00:00:00,992.0,1006.34,174.52,77.65
2017-10-14 00:00:00,,,173.74,
2017-10-13 00:00:00,989.68,1002.94,173.74,77.49
2017-10-12 00:00:00,987.83,1000.93,172.55,77.12
2017-10-11 00:00:00,989.25,995.0,172.74,76.42
2017-10-10 00:00:00,972.6,987.2,171.59,76.29
2017-10-09 00:00:00,977.0,990.99,172.5,76.29
2017-10-06 00:00:00,978.89,989.58,172.23,76.0
2017-10-05 00:00:00,969.96,980.85,171.24,75.97
2017-10-04 00:00:00,951.68,965.45,168.42,74.69
2017-10-03 00:00:00,957.79,957.1,169.96,74.26
2017-10-02 00:00:00,953.27,959.19,169.47,74.61
2017-09-29 00:00:00,959.11,961.35,170.87,74.49
2017-09-28 00:00:00,949.5,956.4,168.73,73.87
2017-09-27 00:00:00,944.49,950.87,167.68,73.85
2017-09-26 00:00:00,924.86,938.6,164.21,73.26
2017-09-25 00:00:00,920.97,939.79,162.87,73.26
2017-09-22 00:00:00,928.53,955.1,170.54,74.41
2017-09-21 00:00:00,932.45,964.65,171.11,74.21
2017-09-20 00:00:00,931.58,973.21,172.17,74.94
2017-09-19 00:00:00,921.81,969.86,172.52,75.44
2017-09-18 00:00:00,915.0,974.19,170.01,75.16
2017-09-15 00:00:00,920.29,986.79,171.64,75.31
2017-09-14 00:00:00,925.11,992.21,170.96,74.77
2017-09-13 00:00:00,935.09,999.6,173.05,75.21
2017-09-12 00:00:00,932.07,982.58,172.96,74.68
2017-09-11 00:00:00,929.08,977.96,173.51,74.76
2017-09-08 00:00:00,926.5,965.9,170.95,73.98
2017-09-07 00:00:00,935.95,979.47,173.21,74.34
2017-09-06 00:00:00,927.81,967.8,172.09,73.4
2017-09-05 00:00:00,928.45,965.27,170.72,73.61
2017-09-01 00:00:00,937.34,978.25,172.02,73.94
2017-08-31 00:00:00,939.33,980.6,171.97,74.77
2017-08-30 00:00:00,929.57,967.59,169.92,74.01
2017-08-29 00:00:00,921.29,954.06,168.05,73.05
2017-08-28 00:00:00,913.81,946.02,167.24,72.83
2017-08-25 00:00:00,915.89,945.26,166.32,72.82
2017-08-24 00:00:00,921.28,952.45,167.74,72.69
2017-08-23 00:00:00,927.0,958.0,168.71,72.72
2017-08-22 00:00:00,924.69,966.9,169.64,73.16
2017-08-21 00:00:00,906.66,953.29,167.78,72.15
2017-08-18 00:00:00,910.67,958.47,167.41,72.49
2017-08-17 00:00:00,910.98,960.57,166.91,72.4
2017-08-16 00:00:00,926.96,978.18,170.0,73.65
2017-08-15 00:00:00,922.22,982.74,171.0,73.22
2017-08-14 00:00:00,922.67,983.3,170.75,73.59
2017-08-11 00:00:00,914.39,967.99,168.08,72.5
2017-08-10 00:00:00,907.24,956.92,167.4,71.41
2017-08-09 00:00:00,922.9,982.01,171.18,72.47
2017-08-08 00:00:00,926.79,989.84,171.23,72.79
2017-08-07 00:00:00,929.36,992.27,171.98,72.4
2017-08-04 00:00:00,927.96,987.58,169.62,72.68
2017-08-03 00:00:00,923.65,986.92,168.59,72.15
2017-08-02 00:00:00,930.39,995.89,169.3,72.26
2017-08-01 00:00:00,930.83,996.19,169.86,72.58
2017-07-31 00:00:00,930.5,987.78,169.25,72.7
2017-07-28 00:00:00,941.53,1020.04,172.45,73.04
2017-07-27 00:00:00,934.09,1046.0,170.44,73.16
2017-07-26 00:00:00,947.8,1052.8,165.61,74.05
2017-07-25 00:00:00,950.7,1039.87,165.28,74.19
2017-07-24 00:00:00,980.34,1038.95,166.0,73.6
2017-07-21 00:00:00,972.92,1025.67,164.43,73.79
2017-07-20 00:00:00,968.15,1028.7,164.53,74.22
2017-07-19 00:00:00,970.89,1026.87,164.14,73.86
2017-07-18 00:00:00,965.4,1024.45,162.86,73.3
2017-07-17 00:00:00,953.42,1010.04,159.73,73.35
2017-07-14 00:00:00,955.99,1001.81,159.97,72.78
2017-07-13 00:00:00,947.16,1000.63,159.26,71.77
2017-07-12 00:00:00,943.83,1006.51,158.9,71.15
2017-07-11 00:00:00,930.09,994.13,155.27,69.99
2017-07-10 00:00:00,928.8,996.47,153.5,69.98
2017-07-07 00:00:00,918.59,978.76,151.44,69.46
2017-07-06 00:00:00,906.69,965.14,148.82,68.57
2017-07-05 00:00:00,911.71,971.4,150.34,69.08
2017-07-03 00:00:00,898.7,953.66,148.43,68.17
2017-06-30 00:00:00,908.73,968.0,150.98,68.93
2017-06-29 00:00:00,917.79,975.93,151.04,68.49
2017-06-28 00:00:00,940.49,990.33,153.24,69.8
2017-06-27 00:00:00,927.33,976.78,150.58,69.21
2017-06-26 00:00:00,952.27,993.98,153.59,70.53
2017-06-23 00:00:00,965.59,1003.74,155.07,71.21
2017-06-22 00:00:00,957.09,1001.3,153.4,70.26
2017-06-21 00:00:00,959.45,1002.23,153.91,70.27
2017-06-20 00:00:00,950.63,992.59,152.25,69.91
2017-06-19 00:00:00,957.37,995.17,152.87,70.87
2017-06-16 00:00:00,939.78,987.71,150.64,70.0
2017-06-15 00:00:00,942.31,964.17,149.8,69.9
2017-06-14 00:00:00,950.76,976.47,150.25,70.27
2017-06-13 00:00:00,953.4,980.79,150.68,70.65
2017-06-12 00:00:00,942.9,964.91,148.44,69.78
2017-06-09 00:00:00,949.83,978.31,149.6,70.32
2017-06-08 00:00:00,983.41,1010.27,154.71,71.95
2017-06-07 00:00:00,981.08,1010.07,153.12,72.39
2017-06-06 00:00:00,976.57,1003.0,152.81,72.52
2017-06-05 00:00:00,983.68,1011.34,153.63,72.28
2017-06-02 00:00:00,975.6,1006.73,153.61,71.76
2017-06-01 00:00:00,966.95,995.95,151.53,70.1
2017-05-31 00:00:00,964.86,994.62,151.46,69.84
2017-05-30 00:00:00,975.88,996.7,152.38,70.41
2017-05-26 00:00:00,971.47,995.78,152.13,69.96
2017-05-25 00:00:00,969.54,993.38,151.96,69.62
2017-05-24 00:00:00,954.96,980.35,150.04,68.77
2017-05-23 00:00:00,948.82,971.54,148.07,68.68
2017-05-22 00:00:00,941.86,970.67,148.24,68.45
2017-05-19 00:00:00,934.01,959.84,148.06,67.69
2017-05-18 00:00:00,930.24,958.49,147.66,67.71
2017-05-17 00:00:00,919.62,944.76,144.85,67.48
2017-05-16 00:00:00,943.0,966.07,149.78,69.41
2017-05-15 00:00:00,937.08,957.97,150.19,68.43
2017-05-12 00:00:00,932.22,961.35,150.33,68.38
2017-05-11 00:00:00,930.6,947.62,150.04,68.46
2017-05-10 00:00:00,928.78,948.95,150.29,69.31
2017-05-09 00:00:00,932.17,952.82,150.48,69.04
2017-05-08 00:00:00,934.3,949.04,151.06,68.94
2017-05-05 00:00:00,927.13,934.15,150.24,69.0
2017-05-04 00:00:00,931.66,937.53,150.85,68.81
2017-05-03 00:00:00,927.04,941.03,151.8,69.08
2017-05-02 00:00:00,916.44,946.94,152.78,69.3
2017-05-01 00:00:00,912.57,948.23,152.46,69.41
2017-04-28 00:00:00,905.96,924.99,150.25,68.46
2017-04-27 00:00:00,874.25,918.38,147.7,68.27
2017-04-26 00:00:00,871.73,909.29,146.56,67.83
2017-04-25 00:00:00,872.3,907.62,146.49,67.92
2017-04-24 00:00:00,862.76,907.41,145.47,67.53
2017-04-21 00:00:00,843.19,898.53,143.68,66.4
2017-04-20 00:00:00,841.65,902.06,143.8,65.5
2017-04-19 00:00:00,838.21,899.2,142.27,65.04
2017-04-18 00:00:00,836.82,903.78,140.96,65.39
2017-04-17 00:00:00,837.17,901.99,141.42,65.48
2017-04-13 00:00:00,823.56,884.67,139.39,64.95
2017-04-12 00:00:00,824.32,896.23,139.58,65.23
2017-04-11 00:00:00,823.35,902.36,139.92,65.48
2017-04-10 00:00:00,824.73,907.04,141.04,65.53
2017-04-07 00:00:00,824.67,894.88,140.78,65.68
2017-04-06 00:00:00,827.88,898.28,141.17,65.73
2017-04-05 00:00:00,831.41,909.28,141.85,65.56
2017-04-04 00:00:00,834.57,906.83,141.73,65.73
2017-04-03 00:00:00,838.55,891.51,142.28,65.55
2017-03-31 00:00:00,829.56,886.54,142.05,65.86
2017-03-30 00:00:00,831.5,876.34,142.41,65.71
2017-03-29 00:00:00,831.41,874.32,142.65,65.47
2017-03-28 00:00:00,820.92,856.0,141.76,65.29
2017-03-27 00:00:00,819.51,846.82,140.32,65.1
2017-03-24 00:00:00,814.43,845.61,140.34,64.98
2017-03-23 00:00:00,817.58,847.38,139.53,64.87
2017-03-22 00:00:00,829.59,848.06,139.59,65.03
2017-03-21 00:00:00,830.46,843.2,138.51,64.21
2017-03-20 00:00:00,848.4,856.97,139.94,64.93
2017-03-17 00:00:00,852.12,852.31,139.84,64.87
2017-03-16 00:00:00,848.78,853.42,139.99,64.64
2017-03-15 00:00:00,847.2,852.97,139.72,64.75
2017-03-14 00:00:00,845.62,852.53,139.32,64.41
2017-03-13 00:00:00,845.54,854.59,139.6,64.71
2017-03-10 00:00:00,843.25,852.46,138.79,64.93
2017-03-09 00:00:00,838.68,853.0,138.24,64.73
2017-03-08 00:00:00,835.37,850.5,137.72,64.99
2017-03-07 00:00:00,831.91,846.02,137.3,64.4
2017-03-06 00:00:00,827.78,846.61,137.42,64.27
2017-03-03 00:00:00,829.08,849.88,137.17,64.25
2017-03-02 00:00:00,830.63,848.91,136.76,64.01
2017-03-01 00:00:00,835.24,853.08,137.42,64.94
2017-02-28 00:00:00,823.21,845.04,135.54,63.98
2017-02-27 00:00:00,829.28,848.64,136.41,64.23
2017-02-24 00:00:00,828.64,845.24,135.44,64.62
2017-02-23 00:00:00,831.33,852.19,135.36,64.62
2017-02-22 00:00:00,830.76,855.61,136.12,64.36
2017-02-21 00:00:00,831.66,856.44,133.72,64.49
2017-02-17 00:00:00,828.07,845.07,133.53,64.62
2017-02-16 00:00:00,824.16,844.14,133.84,64.52
2017-02-15 00:00:00,818.98,842.7,133.44,64.53
2017-02-14 00:00:00,820.45,836.39,133.85,64.57
2017-02-13 00:00:00,819.24,836.53,134.05,64.72
2017-02-10 00:00:00,813.67,827.46,134.19,64.0
2017-02-09 00:00:00,809.56,821.36,134.14,64.06
2017-02-08 00:00:00,808.38,819.71,134.2,63.34
2017-02-07 00:00:00,806.97,812.5,131.84,63.43
2017-02-06 00:00:00,801.34,807.64,132.06,63.64
2017-02-03 00:00:00,801.49,810.2,130.98,63.68
2017-02-02 00:00:00,798.53,839.95,130.84,63.17
2017-02-01 00:00:00,795.695,832.35,133.23,63.58
2017-01-31 00:00:00,796.79,823.48,130.32,64.65
2017-01-30 00:00:00,802.32,830.38,130.98,65.13
2017-01-27 00:00:00,823.31,835.77,132.18,65.78
2017-01-26 00:00:00,832.15,839.15,132.78,64.27
2017-01-25 00:00:00,835.67,836.52,131.48,63.68
2017-01-24 00:00:00,823.87,822.44,129.37,63.52
2017-01-23 00:00:00,819.31,817.88,128.93,62.96
2017-01-20 00:00:00,805.02,808.33,127.04,62.74
2017-01-19 00:00:00,802.175,809.04,127.55,62.3
2017-01-18 00:00:00,806.07,807.48,127.92,62.5
2017-01-17 00:00:00,804.61,809.72,127.87,62.53
2017-01-13 00:00:00,807.88,817.14,128.34,62.7
2017-01-12 00:00:00,806.36,813.64,126.62,62.61
2017-01-11 00:00:00,807.91,799.02,126.09,63.19
2017-01-10 00:00:00,804.79,795.9,124.35,62.62
2017-01-09 00:00:00,806.65,796.92,124.9,62.64
2017-01-06 00:00:00,806.15,795.99,123.41,62.84
2017-01-05 00:00:00,794.02,780.45,120.67,62.3
2017-01-04 00:00:00,786.9,757.18,118.69,62.3
2017-01-03 00:00:00,786.14,753.67,116.86,62.58
2016-12-30 00:00:00,771.82,749.87,115.05,62.14
2016-12-29 00:00:00,782.79,765.15,116.35,62.9
2016-12-28 00:00:00,785.05,772.13,116.92,62.99
2016-12-27 00:00:00,791.55,771.4,118.01,63.28
2016-12-23 00:00:00,789.91,760.59,117.27,63.24
2016-12-22 00:00:00,791.26,766.34,117.4,63.55
2016-12-21 00:00:00,794.56,770.6,119.04,63.54
2016-12-20 00:00:00,796.42,771.22,119.09,63.54
2016-12-19 00:00:00,794.2,766.0,119.24,63.62
2016-12-16 00:00:00,790.8,757.77,119.87,62.3
2016-12-15 00:00:00,797.85,761.0,120.57,62.58
2016-12-14 00:00:00,797.07,768.82,120.21,62.68
2016-12-13 00:00:00,796.1,774.34,120.31,62.98
2016-12-12 00:00:00,789.27,760.12,117.77,62.17
2016-12-09 00:00:00,789.29,768.66,119.68,61.97
2016-12-08 00:00:00,776.42,767.33,118.91,61.01
2016-12-07 00:00:00,771.19,770.42,117.95,61.37
2016-12-06 00:00:00,759.11,764.72,117.31,59.95
2016-12-05 00:00:00,762.52,759.36,117.43,60.22
2016-12-02 00:00:00,750.5,740.34,115.4,59.25
2016-12-01 00:00:00,747.92,743.65,115.1,59.2
2016-11-30 00:00:00,758.04,750.57,118.42,60.26
2016-11-29 00:00:00,770.84,762.52,120.87,61.09
2016-11-28 00:00:00,768.24,766.77,120.41,60.61
2016-11-25 00:00:00,761.68,780.37,120.38,60.53
2016-11-23 00:00:00,760.99,780.12,120.84,60.4
2016-11-22 00:00:00,768.27,785.33,121.47,61.12
2016-11-21 00:00:00,769.2,780.0,121.77,60.86
2016-11-18 00:00:00,760.54,760.16,117.02,60.35
2016-11-17 00:00:00,771.23,756.4,117.79,60.64
2016-11-16 00:00:00,764.48,746.49,116.34,59.65
2016-11-15 00:00:00,758.49,743.24,117.2,58.87
2016-11-14 00:00:00,736.08,719.07,115.08,58.12
2016-11-11 00:00:00,754.02,739.01,119.02,59.02
2016-11-10 00:00:00,762.56,742.38,120.8,58.7
2016-11-09 00:00:00,785.31,771.88,123.18,60.17
2016-11-08 00:00:00,790.51,787.75,124.22,60.47
2016-11-07 00:00:00,782.52,784.93,122.15,60.42
2016-11-04 00:00:00,762.02,755.05,120.75,58.71
2016-11-03 00:00:00,762.13,767.03,120.0,59.21
2016-11-02 00:00:00,768.7,765.56,127.17,59.43
2016-11-01 00:00:00,783.61,785.41,129.5,59.8
2016-10-31 00:00:00,784.54,789.82,130.99,59.92
2016-10-28 00:00:00,795.37,776.32,131.29,59.87
2016-10-27 00:00:00,795.35,818.36,129.69,60.1
2016-10-26 00:00:00,799.07,822.59,131.04,60.63
2016-10-25 00:00:00,807.67,835.18,132.29,60.99
2016-10-24 00:00:00,813.11,838.09,133.28,61.0
2016-10-21 00:00:00,799.37,818.99,132.07,59.66
2016-10-20 00:00:00,796.97,810.32,130.0,57.25
2016-10-19 00:00:00,801.56,817.69,130.11,57.53
2016-10-18 00:00:00,795.26,817.65,128.57,57.66
2016-10-17 00:00:00,779.96,812.95,127.54,57.22
2016-10-14 00:00:00,778.53,822.96,127.88,57.42
2016-10-13 00:00:00,778.19,829.28,127.82,56.92
2016-10-12 00:00:00,786.14,834.09,129.05,57.11
2016-10-11 00:00:00,783.07,831.0,128.88,57.19
2016-10-10 00:00:00,785.94,841.71,130.24,58.04
2016-10-07 00:00:00,775.08,839.43,128.99,57.8
2016-10-06 00:00:00,776.86,841.66,128.74,57.74
2016-10-05 00:00:00,776.47,844.36,128.47,57.64
2016-10-04 00:00:00,776.43,834.03,128.19,57.24
2016-10-03 00:00:00,772.56,836.74,128.77,57.42
2016-09-30 00:00:00,777.29,837.31,128.27,57.6
2016-09-29 00:00:00,775.01,829.05,128.09,57.4
2016-09-28 00:00:00,781.56,828.72,129.23,58.03
2016-09-27 00:00:00,783.01,816.11,128.69,57.95
2016-09-26 00:00:00,774.21,799.16,127.31,56.9
2016-09-23 00:00:00,786.9,805.75,127.96,57.43
2016-09-22 00:00:00,787.21,804.7,130.08,57.82
2016-09-21 00:00:00,776.22,789.74,129.94,57.76
2016-09-20 00:00:00,771.41,780.22,128.64,56.81
2016-09-19 00:00:00,765.7,775.1,128.65,56.93
2016-09-16 00:00:00,768.88,778.52,129.07,57.25
2016-09-15 00:00:00,771.76,769.69,128.35,57.19
2016-09-14 00:00:00,762.49,761.09,127.77,56.26
2016-09-13 00:00:00,759.69,761.01,127.21,56.53
2016-09-12 00:00:00,769.02,771.49,128.69,57.05
2016-09-09 00:00:00,759.66,760.14,127.1,56.21
2016-09-08 00:00:00,775.32,784.06,130.27,57.43
2016-09-07 00:00:00,780.35,784.48,131.05,57.66
2016-09-06 00:00:00,780.08,788.87,129.73,57.61
2016-09-02 00:00:00,771.46,772.44,126.51,57.67
2016-09-01 00:00:00,768.78,770.62,126.17,57.59
2016-08-31 00:00:00,767.05,769.16,126.12,57.46
2016-08-30 00:00:00,769.09,767.58,125.84,57.89
2016-08-29 00:00:00,772.15,771.29,126.54,58.1
2016-08-26 00:00:00,769.54,769.0,124.96,58.03
2016-08-25 00:00:00,769.41,759.22,123.89,58.17
2016-08-24 00:00:00,769.64,757.25,123.48,57.95
2016-08-23 00:00:00,772.08,762.45,124.37,57.89
2016-08-22 00:00:00,772.15,759.48,124.15,57.67
2016-08-19 00:00:00,775.42,757.31,123.56,57.62
2016-08-18 00:00:00,777.5,764.46,123.91,57.6
2016-08-17 00:00:00,779.91,764.63,124.37,57.56
2016-08-16 00:00:00,777.14,764.04,123.3,57.44
2016-08-15 00:00:00,782.44,768.49,123.9,58.12
2016-08-12 00:00:00,783.22,772.56,124.88,57.94
2016-08-11 00:00:00,784.85,771.24,124.9,58.3
2016-08-10 00:00:00,784.68,768.56,124.88,58.02
2016-08-09 00:00:00,784.26,768.31,125.06,58.2
2016-08-08 00:00:00,781.76,766.56,125.26,58.06
2016-08-05 00:00:00,782.22,765.98,125.15,57.96
2016-08-04 00:00:00,771.61,760.77,124.36,57.39
2016-08-03 00:00:00,773.18,754.64,122.51,56.97
2016-08-02 00:00:00,771.07,760.58,123.09,56.58
2016-08-01 00:00:00,772.88,767.74,124.31,56.58
2016-07-29 00:00:00,768.79,758.81,123.94,56.68
2016-07-28 00:00:00,745.91,752.61,125.0,56.21
2016-07-27 00:00:00,741.77,736.67,123.34,56.19
2016-07-26 00:00:00,738.42,735.59,121.22,56.76
2016-07-25 00:00:00,739.77,739.61,121.63,56.73
2016-07-22 00:00:00,742.74,744.86,121.0,56.57
2016-07-21 00:00:00,738.63,744.43,120.61,55.8
2016-07-20 00:00:00,741.19,745.72,121.92,55.91
2016-07-19 00:00:00,736.96,739.95,120.61,53.09
2016-07-18 00:00:00,733.78,736.07,119.37,53.96
2016-07-15 00:00:00,719.85,735.44,116.86,53.7
2016-07-14 00:00:00,720.95,741.2,117.29,53.74
2016-07-13 00:00:00,716.98,742.63,116.78,53.51
2016-07-12 00:00:00,720.64,748.21,117.93,53.21
2016-07-11 00:00:00,715.09,753.78,117.87,52.59
2016-07-08 00:00:00,705.63,745.81,117.24,52.3
2016-07-07 00:00:00,695.36,736.57,115.85,51.38
2016-07-06 00:00:00,697.77,737.61,116.7,51.38
2016-07-05 00:00:00,694.49,728.1,114.0,51.17
2016-07-01 00:00:00,699.21,725.68,114.19,51.16
2016-06-30 00:00:00,692.1,715.62,114.28,51.17
2016-06-29 00:00:00,684.11,715.6,114.16,50.54
2016-06-28 00:00:00,680.04,707.95,112.7,49.44
2016-06-27 00:00:00,668.26,691.36,108.97,48.43
2016-06-24 00:00:00,675.22,698.96,112.08,49.83
2016-06-23 00:00:00,701.87,722.08,115.08,51.91
2016-06-22 00:00:00,697.46,710.6,113.91,50.99
2016-06-21 00:00:00,695.94,715.82,114.38,51.19
2016-06-20 00:00:00,693.71,714.01,113.37,50.07
2016-06-17 00:00:00,691.72,706.39,113.02,50.13
2016-06-16 00:00:00,710.36,717.51,114.39,50.39
2016-06-15 00:00:00,718.92,714.26,114.6,49.69
2016-06-14 00:00:00,718.27,719.3,114.94,49.83
2016-06-13 00:00:00,718.36,715.24,113.95,50.14
2016-06-10 00:00:00,719.41,717.91,116.62,51.48
2016-06-09 00:00:00,728.58,727.65,118.56,51.62
2016-06-08 00:00:00,728.28,726.64,118.39,52.04
2016-06-07 00:00:00,716.65,723.74,117.76,52.1
2016-06-06 00:00:00,716.55,726.73,118.79,52.13
2016-06-03 00:00:00,722.34,725.54,118.47,51.79
2016-06-02 00:00:00,730.4,728.24,118.93,52.48
2016-06-01 00:00:00,734.15,719.44,118.78,52.85
2016-05-31 00:00:00,735.72,722.79,118.81,53.0
2016-05-27 00:00:00,732.66,712.24,119.38,52.32
2016-05-26 00:00:00,724.12,714.91,119.47,51.89
2016-05-25 00:00:00,725.27,708.35,117.89,52.12
2016-05-24 00:00:00,720.09,704.2,117.7,51.59
2016-05-23 00:00:00,704.24,696.75,115.97,50.03
2016-05-20 00:00:00,709.74,702.8,117.35,50.62
2016-05-19 00:00:00,700.32,698.52,116.81,50.32
2016-05-18 00:00:00,706.63,697.45,117.65,50.81
2016-05-17 00:00:00,706.23,695.27,117.35,50.51
2016-05-16 00:00:00,716.49,710.66,118.67,51.83
2016-05-13 00:00:00,710.83,709.92,119.81,51.08
2016-05-12 00:00:00,713.31,717.93,120.28,51.51
2016-05-11 00:00:00,715.29,713.23,119.52,51.05
2016-05-10 00:00:00,723.18,703.07,120.5,51.02
2016-05-09 00:00:00,712.9,679.75,119.24,50.07
2016-05-06 00:00:00,711.12,673.95,119.49,50.39
2016-05-05 00:00:00,701.43,659.09,117.81,49.94
2016-05-04 00:00:00,695.7,670.9,118.06,49.87
2016-05-03 00:00:00,692.36,671.32,117.43,49.78
2016-05-02 00:00:00,698.21,683.85,118.57,50.61
2016-04-29 00:00:00,693.01,659.59,117.58,49.87
2016-04-28 00:00:00,691.02,602.0,116.73,49.9
2016-04-27 00:00:00,705.84,606.57,108.89,50.94
2016-04-26 00:00:00,708.14,616.88,108.76,51.44
2016-04-25 00:00:00,723.15,626.2,110.1,52.11
2016-04-22 00:00:00,718.77,620.5,110.56,51.78
2016-04-21 00:00:00,759.14,631.0,113.44,55.78
2016-04-20 00:00:00,752.67,632.99,112.42,55.59
2016-04-19 00:00:00,753.93,627.9,112.29,56.39
2016-04-18 00:00:00,766.61,635.35,110.45,56.46
2016-04-15 00:00:00,759.0,625.89,109.64,55.65
2016-04-14 00:00:00,753.2,620.75,110.84,55.36
2016-04-13 00:00:00,751.72,614.82,110.51,55.35
2016-04-12 00:00:00,743.09,603.17,110.61,54.65
2016-04-11 00:00:00,736.1,595.93,108.99,54.31
2016-04-08 00:00:00,739.15,594.6,110.63,54.42
2016-04-07 00:00:00,740.28,591.43,113.64,54.46
2016-04-06 00:00:00,745.69,602.08,113.71,55.12
2016-04-05 00:00:00,737.8,586.14,112.22,54.56
2016-04-04 00:00:00,745.29,593.19,112.55,55.43
2016-04-01 00:00:00,749.91,598.5,116.06,55.57
2016-03-31 00:00:00,744.95,593.64,114.1,55.23
2016-03-30 00:00:00,750.53,598.69,114.7,55.05
2016-03-29 00:00:00,744.77,593.86,116.14,54.71
2016-03-28 00:00:00,733.53,579.87,113.69,53.54
2016-03-24 00:00:00,735.3,582.95,113.05,54.21
2016-03-23 00:00:00,738.06,569.63,112.54,53.97
2016-03-22 00:00:00,740.75,560.48,112.25,54.07
2016-03-21 00:00:00,742.09,553.98,111.85,53.86
2016-03-18 00:00:00,737.6,552.08,111.45,53.49
2016-03-17 00:00:00,737.78,559.44,111.02,54.66
2016-03-16 00:00:00,736.09,574.27,112.18,54.35
2016-03-15 00:00:00,728.33,577.02,110.67,53.59
2016-03-14 00:00:00,730.49,573.37,109.89,53.17
2016-03-11 00:00:00,726.82,569.61,109.41,53.07
2016-03-10 00:00:00,712.82,558.93,107.32,52.05
2016-03-09 00:00:00,705.24,559.47,107.51,52.84
2016-03-08 00:00:00,693.97,560.26,105.93,51.65
2016-03-07 00:00:00,695.16,562.8,105.73,51.03
2016-03-04 00:00:00,710.89,575.14,108.39,52.03
2016-03-03 00:00:00,712.42,577.49,109.58,52.35
2016-03-02 00:00:00,718.85,580.21,109.95,52.95
2016-03-01 00:00:00,718.81,579.04,109.82,52.58
2016-02-29 00:00:00,697.77,552.52,106.92,50.88
2016-02-26 00:00:00,705.07,555.23,107.92,51.3
2016-02-25 00:00:00,705.75,555.15,108.07,52.1
2016-02-24 00:00:00,699.56,554.04,106.88,51.36
2016-02-23 00:00:00,695.85,552.94,105.46,51.18
2016-02-22 00:00:00,706.46,559.5,107.16,52.65
2016-02-19 00:00:00,700.91,534.9,104.57,51.82
2016-02-18 00:00:00,697.35,525.0,103.47,52.19
2016-02-17 00:00:00,708.4,534.1,105.2,52.42
2016-02-16 00:00:00,691.0,521.1,101.61,51.09
2016-02-12 00:00:00,682.4,507.08,102.01,50.5
2016-02-11 00:00:00,683.11,503.82,101.91,49.69
2016-02-10 00:00:00,684.12,490.48,101.0,49.71
2016-02-09 00:00:00,678.11,482.07,99.54,49.28
2016-02-08 00:00:00,682.74,488.1,99.75,49.41
2016-02-05 00:00:00,683.57,502.13,104.07,50.16
2016-02-04 00:00:00,708.01,536.26,110.49,52.0
2016-02-03 00:00:00,726.95,531.07,112.69,52.16
2016-02-02 00:00:00,764.65,552.1,114.61,53.0
2016-02-01 00:00:00,752.0,574.81,115.09,54.71
2016-01-29 00:00:00,742.95,587.0,112.21,55.09
2016-01-28 00:00:00,730.96,635.35,109.11,52.055
2016-01-27 00:00:00,699.99,583.35,94.45,51.22
2016-01-26 00:00:00,713.04,601.25,97.34,52.17
2016-01-25 00:00:00,711.67,596.53,97.01,51.79
2016-01-22 00:00:00,725.25,596.38,97.94,52.29
2016-01-21 00:00:00,706.59,575.02,94.16,50.48
2016-01-20 00:00:00,698.45,571.77,94.35,50.79
2016-01-19 00:00:00,701.79,574.48,95.26,50.56
2016-01-15 00:00:00,694.45,570.18,94.97,50.99
2016-01-14 00:00:00,714.72,593.0,98.37,53.11
2016-01-13 00:00:00,700.56,581.81,95.44,51.64
2016-01-12 00:00:00,726.07,617.89,99.37,52.78
2016-01-11 00:00:00,716.03,617.74,97.51,52.3
2016-01-08 00:00:00,714.47,607.05,97.33,52.33
2016-01-07 00:00:00,726.39,607.94,97.92,52.17
2016-01-06 00:00:00,743.62,632.65,102.97,54.05
2016-01-05 00:00:00,742.58,633.79,102.73,55.05
2016-01-04 00:00:00,741.84,636.99,102.22,54.8
2015-12-31 00:00:00,758.88,675.89,104.66,55.48
2015-12-30 00:00:00,771.0,689.07,106.22,56.31
2015-12-29 00:00:00,776.6,693.97,107.26,56.55
2015-12-28 00:00:00,762.51,675.2,105.93,55.95
2015-12-24 00:00:00,748.4,662.79,105.02,55.67
2015-12-23 00:00:00,750.31,663.7,104.63,55.82
2015-12-22 00:00:00,750.0,663.15,105.51,55.35
2015-12-21 00:00:00,747.77,664.51,104.77,54.83
2015-12-18 00:00:00,739.31,664.14,104.04,54.13
2015-12-17 00:00:00,749.43,670.65,106.22,55.7
2015-12-16 00:00:00,758.09,675.77,106.79,56.13
2015-12-15 00:00:00,743.4,658.64,104.55,55.2
2015-12-14 00:00:00,747.77,657.91,104.66,55.14
2015-12-11 00:00:00,738.87,640.15,102.12,54.06
2015-12-10 00:00:00,749.46,662.32,105.42,55.27
2015-12-09 00:00:00,751.61,664.79,104.6,54.98
2015-12-08 00:00:00,762.37,677.33,106.49,55.79
2015-12-07 00:00:00,763.25,669.83,105.61,55.81
2015-12-04 00:00:00,766.81,672.64,106.18,55.91
2015-12-03 00:00:00,752.54,666.25,104.38,54.2
2015-12-02 00:00:00,762.38,676.01,106.07,55.21
2015-12-01 00:00:00,767.04,679.06,107.12,55.22
2015-11-30 00:00:00,742.6,664.8,104.24,54.35
2015-11-27 00:00:00,750.26,673.26,105.45,53.93
2015-11-25 00:00:00,748.15,675.34,105.41,53.69
2015-11-24 00:00:00,748.28,671.15,105.74,54.25
2015-11-23 00:00:00,755.98,678.99,106.95,54.19
2015-11-20 00:00:00,756.6,668.45,107.32,54.19
2015-11-19 00:00:00,738.41,661.27,106.26,53.94
2015-11-18 00:00:00,740.0,663.54,107.77,53.85
2015-11-17 00:00:00,725.3,643.3,105.13,52.97
2015-11-16 00:00:00,728.96,647.81,104.04,53.765
2015-11-13 00:00:00,717.0,642.35,103.95,52.84
2015-11-12 00:00:00,731.23,665.6,108.02,53.32
2015-11-11 00:00:00,735.4,673.25,109.01,53.65
2015-11-10 00:00:00,728.32,659.68,107.91,53.51
2015-11-09 00:00:00,724.89,655.49,106.49,54.16
2015-11-06 00:00:00,733.76,659.37,107.095,54.92
2015-11-05 00:00:00,731.25,655.65,108.76,54.38
2015-11-04 00:00:00,728.11,640.95,103.94,54.4
2015-11-03 00:00:00,722.16,625.31,102.58,54.15
2015-11-02 00:00:00,721.11,628.35,103.31,53.24
2015-10-30 00:00:00,710.81,625.9,101.97,52.64
2015-10-29 00:00:00,716.92,626.55,104.88,53.36
2015-10-28 00:00:00,712.95,617.1,104.2,53.98
2015-10-27 00:00:00,708.49,611.01,103.7,53.69
2015-10-26 00:00:00,712.78,608.61,103.77,54.25
2015-10-23 00:00:00,702.0,599.03,102.19,52.87
2015-10-22 00:00:00,651.79,563.91,99.67,48.03
2015-10-21 00:00:00,642.61,555.77,97.11,47.2
2015-10-20 00:00:00,650.28,560.88,97.0,47.77
2015-10-19 00:00:00,666.1,573.15,98.47,47.62
2015-10-16 00:00:00,662.2,570.76,97.54,47.51
2015-10-15 00:00:00,661.74,562.44,95.96,47.01
2015-10-14 00:00:00,651.16,544.83,94.07,46.68
2015-10-13 00:00:00,652.3,548.9,94.12,46.89
2015-10-12 00:00:00,646.67,550.19,94.26,47.0
2015-10-09 00:00:00,643.61,539.8,93.24,47.11
2015-10-08 00:00:00,639.16,533.16,92.47,47.45
2015-10-07 00:00:00,642.36,541.94,92.4,46.8
2015-10-06 00:00:00,645.44,537.48,92.8,46.75
2015-10-05 00:00:00,641.47,543.68,94.01,46.63
2015-10-02 00:00:00,626.91,532.54,92.07,45.57
2015-10-01 00:00:00,611.29,520.72,90.95,44.61
2015-09-30 00:00:00,608.42,511.89,89.9,44.26
2015-09-29 00:00:00,594.97,496.07,86.67,43.44
2015-09-28 00:00:00,594.89,504.06,89.21,43.29
2015-09-25 00:00:00,611.97,524.25,92.77,43.94
2015-09-24 00:00:00,625.8,533.75,94.41,43.91
2015-09-23 00:00:00,622.36,536.07,93.97,43.87
2015-09-22 00:00:00,622.69,538.4,92.96,43.9
2015-09-21 00:00:00,635.44,548.39,95.55,44.11
2015-09-18 00:00:00,629.25,540.26,94.4,43.48
2015-09-17 00:00:00,642.9,538.87,94.34,44.25
2015-09-16 00:00:00,635.98,527.39,93.45,44.3
2015-09-15 00:00:00,635.14,522.37,92.9,43.98
2015-09-14 00:00:00,623.24,521.38,92.31,43.04
2015-09-11 00:00:00,625.77,529.44,92.05,43.48
2015-09-10 00:00:00,621.35,522.24,91.98,43.29
2015-09-09 00:00:00,612.72,516.89,90.44,43.07
2015-09-08 00:00:00,614.66,517.54,89.53,43.89
2015-09-04 00:00:00,600.7,499.0,88.26,42.61
2015-09-03 00:00:00,606.25,504.72,88.15,43.5
2015-09-02 00:00:00,614.34,510.55,89.89,43.36
2015-09-01 00:00:00,597.79,496.54,87.23,41.82
2015-08-31 00:00:00,618.25,512.89,89.43,43.52
2015-08-28 00:00:00,630.38,518.01,91.01,43.93
2015-08-27 00:00:00,637.61,518.37,89.73,43.9
2015-08-26 00:00:00,628.62,500.77,87.19,42.71
2015-08-25 00:00:00,582.06,466.37,83.0,40.47
2015-08-24 00:00:00,589.61,463.37,82.09,41.68
2015-08-21 00:00:00,612.48,494.47,86.06,43.07
2015-08-20 00:00:00,646.83,515.78,90.56,45.66
2015-08-19 00:00:00,660.9,532.92,95.31,46.61
2015-08-18 00:00:00,656.13,535.02,95.17,47.27
2015-08-17 00:00:00,660.87,535.22,93.93,47.32
2015-08-14 00:00:00,657.12,531.52,94.42,47.0
2015-08-13 00:00:00,656.45,529.66,93.43,46.73
2015-08-12 00:00:00,659.56,525.91,94.19,46.74
2015-08-11 00:00:00,660.78,527.46,93.62,46.41
2015-08-10 00:00:00,633.73,524.0,94.15,47.33
2015-08-07 00:00:00,635.3,522.62,94.3,46.74
2015-08-06 00:00:00,642.68,529.46,95.12,46.62
2015-08-05 00:00:00,643.78,537.01,96.44,47.58
2015-08-04 00:00:00,629.25,531.9,94.06,47.54
2015-08-03 00:00:00,631.21,535.03,94.14,46.81
2015-07-31 00:00:00,625.61,536.15,94.01,46.7
2015-07-30 00:00:00,632.59,536.76,95.21,46.88
2015-07-29 00:00:00,631.93,529.0,96.99,46.29
2015-07-28 00:00:00,628.0,526.03,95.29,45.34
2015-07-27 00:00:00,627.26,531.41,94.17,45.35
2015-07-24 00:00:00,623.56,529.42,96.95,45.94
2015-07-23 00:00:00,644.28,482.18,95.44,46.11
2015-07-22 00:00:00,662.1,488.27,97.04,45.54
2015-07-21 00:00:00,662.3,488.0,98.39,47.28
2015-07-20 00:00:00,663.02,488.1,97.91,46.92
2015-07-17 00:00:00,672.93,483.01,94.97,46.62
2015-07-16 00:00:00,579.85,475.48,90.85,46.66
2015-07-15 00:00:00,560.22,461.19,89.76,45.76
2015-07-14 00:00:00,561.1,465.57,89.68,45.62
2015-07-13 00:00:00,546.55,455.57,90.1,45.54
2015-07-10 00:00:00,530.13,443.51,87.95,44.61
2015-07-09 00:00:00,520.68,434.39,85.88,44.52
2015-07-08 00:00:00,516.83,429.7,85.65,44.24
2015-07-07 00:00:00,525.02,436.72,87.22,44.3
2015-07-06 00:00:00,522.86,436.04,87.55,44.39
2015-07-02 00:00:00,523.4,437.71,87.285,44.4
2015-07-01 00:00:00,521.84,437.39,86.91,44.445
2015-06-30 00:00:00,520.51,434.09,85.765,44.15
2015-06-29 00:00:00,521.52,429.86,85.8,44.37
2015-06-26 00:00:00,531.69,438.1,88.01,45.26
2015-06-25 00:00:00,535.23,440.1,87.98,45.65
2015-06-24 00:00:00,537.84,440.84,88.86,45.635
2015-06-23 00:00:00,540.48,445.99,87.88,45.91
2015-06-22 00:00:00,538.19,436.29,84.74,46.23
2015-06-19 00:00:00,536.69,434.92,82.51,46.1
2015-06-18 00:00:00,536.73,439.39,82.905,46.72
2015-06-17 00:00:00,529.26,427.81,81.79,45.97
2015-06-16 00:00:00,528.15,427.26,81.06,45.83
2015-06-15 00:00:00,527.2,423.67,80.71,45.475
2015-06-12 00:00:00,532.33,429.92,81.53,45.97
2015-06-11 00:00:00,534.61,432.97,81.83,46.44
2015-06-10 00:00:00,536.69,430.77,82.16,46.61
2015-06-09 00:00:00,526.69,425.48,80.67,45.65
2015-06-08 00:00:00,526.83,423.5,80.67,45.73
2015-06-05 00:00:00,533.33,426.95,82.14,46.14
2015-06-04 00:00:00,536.7,430.78,82.05,46.36
2015-06-03 00:00:00,540.31,436.59,82.44,46.85
2015-06-02 00:00:00,539.18,430.99,80.445,46.92
2015-06-01 00:00:00,533.99,430.92,80.29,47.23
2015-05-29 00:00:00,532.11,429.23,79.19,46.86
2015-05-28 00:00:00,539.78,426.57,80.145,47.45
2015-05-27 00:00:00,539.79,431.42,80.55,47.61
2015-05-26 00:00:00,532.32,425.47,79.335,46.59
2015-05-22 00:00:00,540.11,427.63,80.54,46.9
2015-05-21 00:00:00,542.51,431.63,80.48,47.42
2015-05-20 00:00:00,539.27,423.86,80.55,47.58
2015-05-19 00:00:00,537.36,421.71,80.63,47.58
2015-05-18 00:00:00,532.3,425.24,80.88,48.01
2015-05-15 00:00:00,533.85,426.0,80.42,48.295
2015-05-14 00:00:00,538.4,432.28,81.37,48.72
2015-05-13 00:00:00,529.62,426.87,78.44,47.625
2015-05-12 00:00:00,529.04,431.02,77.46,47.35
2015-05-11 00:00:00,535.7,432.85,78.01,47.37
2015-05-08 00:00:00,538.22,433.69,78.51,47.75
2015-05-07 00:00:00,530.7,426.88,78.425,46.7
2015-05-06 00:00:00,524.22,419.1,78.1,46.28
2015-05-05 00:00:00,530.8,421.19,77.56,47.6
2015-05-04 00:00:00,540.78,423.04,78.81,48.24
2015-05-01 00:00:00,537.9,422.87,78.99,48.655
2015-04-30 00:00:00,537.34,421.78,78.77,48.64
2015-04-29 00:00:00,549.08,429.37,80.465,49.06
2015-04-28 00:00:00,553.68,429.31,80.68,49.155
2015-04-27 00:00:00,555.37,438.56,81.91,48.03
2015-04-24 00:00:00,563.513156,445.1,81.53,47.87
2015-04-23 00:00:00,545.502595,389.99,82.41,43.34
2015-04-22 00:00:00,537.888496,389.8,84.63,42.985
2015-04-21 00:00:00,532.508265,391.18,83.62,42.635
2015-04-20 00:00:00,533.914405,389.51,83.09,42.905
2015-04-17 00:00:00,522.615421,375.56,80.775,41.615
2015-04-16 00:00:00,532.33873,386.04,82.31,42.16
2015-04-15 00:00:00,531.072207,383.45,82.705,42.255
2015-04-14 00:00:00,528.938065,385.11,83.515,41.65
2015-04-13 00:00:00,537.69403,382.36,83.01,41.76
2015-04-10 00:00:00,538.53173,382.65,82.04,41.72
2015-04-09 00:00:00,539.299623,383.54,82.17,41.48
2015-04-08 00:00:00,540.12735,381.2,82.275,41.42
2015-04-07 00:00:00,535.549915,374.41,82.32,41.53
2015-04-06 00:00:00,535.295614,377.04,82.44,41.545
2015-04-02 00:00:00,534.063994,372.25,81.555,40.29
